id,kind,title,lane,depends_on,specification
CE-NF1-0000,epic,Cellerator native execution foundation for GlassHelix,CE-NF1-L-COORD,,planning/glasshelix-execution-foundation-v1/proposed-todos/ce-nf1-0000.md
CE-NF1-A01,task,Revalidate source and both planning precedents,CE-NF1-L-A,,planning/glasshelix-execution-foundation-v1/proposed-todos/ce-nf1-a01.md
CE-NF1-A02,task,Resolve first-class dispatch and host evidence services,CE-NF1-L-A,CE-NF1-A01,planning/glasshelix-execution-foundation-v1/proposed-todos/ce-nf1-a02.md
CE-NF1-A03,task,Inventory native consumer reachability and numerical gaps,CE-NF1-L-A,CE-NF1-A02,planning/glasshelix-execution-foundation-v1/proposed-todos/ce-nf1-a03.md
CE-NF1-A04,task,Adopt constructive extension and regression boundary,CE-NF1-L-A,CE-NF1-A03,planning/glasshelix-execution-foundation-v1/proposed-todos/ce-nf1-a04.md
CE-NF1-C01,task,Define multi-operand operation and effect contract,CE-NF1-L-C,CE-NF1-M00,planning/glasshelix-execution-foundation-v1/proposed-todos/ce-nf1-c01.md
CE-NF1-C02,task,Define immutable preparation and independent bindings,CE-NF1-L-C,CE-NF1-C01,planning/glasshelix-execution-foundation-v1/proposed-todos/ce-nf1-c02.md
CE-NF1-C03,task,Define derivative and differential provenance contract,CE-NF1-L-C,CE-NF1-C02,planning/glasshelix-execution-foundation-v1/proposed-todos/ce-nf1-c03.md
CE-NF1-C04,task,"Define support activity, epochs and accuracy contract",CE-NF1-L-C,CE-NF1-C03,planning/glasshelix-execution-foundation-v1/proposed-todos/ce-nf1-c04.md
CE-NF1-C05,task,Define custom compiled block contract,CE-NF1-L-C,CE-NF1-C04,planning/glasshelix-execution-foundation-v1/proposed-todos/ce-nf1-c05.md
CE-NF1-C06,task,Freeze developmental native capability seam,CE-NF1-L-C,CE-NF1-C05,planning/glasshelix-execution-foundation-v1/proposed-todos/ce-nf1-c06.md
CE-NF1-B01,task,Partition host semantic and CUDA target dependencies,CE-NF1-L-B,CE-NF1-M10,planning/glasshelix-execution-foundation-v1/proposed-todos/ce-nf1-b01.md
CE-NF1-B02,task,Expose existing reusable operation targets,CE-NF1-L-B,CE-NF1-B01,planning/glasshelix-execution-foundation-v1/proposed-todos/ce-nf1-b02.md
CE-NF1-B03,task,Make toolchain and architecture selection explicit,CE-NF1-L-B,CE-NF1-B02,planning/glasshelix-execution-foundation-v1/proposed-todos/ce-nf1-b03.md
CE-NF1-B04,task,Gate optional suites and provide CPU correctness target,CE-NF1-L-B,CE-NF1-B03,planning/glasshelix-execution-foundation-v1/proposed-todos/ce-nf1-b04.md
CE-NF1-B05,task,Add relocatable build-tree consumer proof,CE-NF1-L-B,CE-NF1-B04,planning/glasshelix-execution-foundation-v1/proposed-todos/ce-nf1-b05.md
CE-NF1-B06,task,Qualify build matrix and publish target receipt,CE-NF1-L-B,CE-NF1-B05,planning/glasshelix-execution-foundation-v1/proposed-todos/ce-nf1-b06.md
CE-NF1-P01,task,Generalize stage bindings without a second runner,CE-NF1-L-P,CE-NF1-M10,planning/glasshelix-execution-foundation-v1/proposed-todos/ce-nf1-p01.md
CE-NF1-P02,task,Preflight all dynamic launch bindings,CE-NF1-L-P,CE-NF1-P01,planning/glasshelix-execution-foundation-v1/proposed-todos/ce-nf1-p02.md
CE-NF1-P03,task,Bind sessions and independently reusable instances,CE-NF1-L-P,CE-NF1-P02;CE-NF1-V03,planning/glasshelix-execution-foundation-v1/proposed-todos/ce-nf1-p03.md
CE-NF1-P04,task,Plan scratch lifetimes and bounded state buffers,CE-NF1-L-P,CE-NF1-P03,planning/glasshelix-execution-foundation-v1/proposed-todos/ce-nf1-p04.md
CE-NF1-P05,task,Implement failure and poison semantics,CE-NF1-L-P,CE-NF1-P04,planning/glasshelix-execution-foundation-v1/proposed-todos/ce-nf1-p05.md
CE-NF1-P06,task,Map stage provenance and counters,CE-NF1-L-P,CE-NF1-P05,planning/glasshelix-execution-foundation-v1/proposed-todos/ce-nf1-p06.md
CE-NF1-P07,task,Qualify linked composed-program boundary,CE-NF1-L-P,CE-NF1-P06;CE-NF1-B05;CE-NF1-N05,planning/glasshelix-execution-foundation-v1/proposed-todos/ce-nf1-p07.md
CE-NF1-V01,task,Extract reusable structural preparation ownership,CE-NF1-L-V,CE-NF1-M10,planning/glasshelix-execution-foundation-v1/proposed-todos/ce-nf1-v01.md
CE-NF1-V02,task,Bind value and gradient instances through current planes,CE-NF1-L-V,CE-NF1-V01,planning/glasshelix-execution-foundation-v1/proposed-todos/ce-nf1-v02.md
CE-NF1-V03,task,Preserve asynchronous publication and read completion,CE-NF1-L-V,CE-NF1-V02,planning/glasshelix-execution-foundation-v1/proposed-todos/ce-nf1-v03.md
CE-NF1-V04,task,Support f32 authoritative values alongside f16 projections,CE-NF1-L-V,CE-NF1-V03,planning/glasshelix-execution-foundation-v1/proposed-todos/ce-nf1-v04.md
CE-NF1-V05,task,Make epoch replacement and stale-ticket rejection explicit,CE-NF1-L-V,CE-NF1-V04,planning/glasshelix-execution-foundation-v1/proposed-todos/ce-nf1-v05.md
CE-NF1-V06,task,Qualify value provenance under update and branching,CE-NF1-L-V,CE-NF1-V05,planning/glasshelix-execution-foundation-v1/proposed-todos/ce-nf1-v06.md
CE-NF1-V07,task,Publish executable shared-value capability,CE-NF1-L-V,CE-NF1-V06,planning/glasshelix-execution-foundation-v1/proposed-todos/ce-nf1-v07.md
CE-NF1-N01,task,Provide independent host f64 and executable f32 references,CE-NF1-L-N,CE-NF1-M10,planning/glasshelix-execution-foundation-v1/proposed-todos/ce-nf1-n01.md
CE-NF1-N02,task,Generalize relation application across widths and tails,CE-NF1-L-N,CE-NF1-N01;CE-NF1-V07,planning/glasshelix-execution-foundation-v1/proposed-todos/ce-nf1-n02.md
CE-NF1-N03,task,Generalize transpose and explicit destination effects,CE-NF1-L-N,CE-NF1-N02,planning/glasshelix-execution-foundation-v1/proposed-todos/ce-nf1-n03.md
CE-NF1-N04,task,Provide batched local arithmetic and gather/scatter,CE-NF1-L-N,CE-NF1-N03,planning/glasshelix-execution-foundation-v1/proposed-todos/ce-nf1-n04.md
CE-NF1-N05,task,Generalize needed reductions and numeric diagnostics,CE-NF1-L-N,CE-NF1-N04,planning/glasshelix-execution-foundation-v1/proposed-todos/ce-nf1-n05.md
CE-NF1-N06,task,Publish general-width execution capability,CE-NF1-L-N,CE-NF1-N05,planning/glasshelix-execution-foundation-v1/proposed-todos/ce-nf1-n06.md
CE-NF1-H01,task,Define argument incidence and output ownership,CE-NF1-L-H,CE-NF1-M10,planning/glasshelix-execution-foundation-v1/proposed-todos/ce-nf1-h01.md
CE-NF1-H02,task,Implement grouped native evaluator registration,CE-NF1-L-H,CE-NF1-H01,planning/glasshelix-execution-foundation-v1/proposed-todos/ce-nf1-h02.md
CE-NF1-H03,task,Implement independent CPU n-ary evaluation,CE-NF1-L-H,CE-NF1-H02,planning/glasshelix-execution-foundation-v1/proposed-todos/ce-nf1-h03.md
CE-NF1-H04,task,Execute n-ary groups on CUDA,CE-NF1-L-H,CE-NF1-H03;CE-NF1-N06;CE-NF1-P07,planning/glasshelix-execution-foundation-v1/proposed-todos/ce-nf1-h04.md
CE-NF1-H05,task,Add exact inspectable compositions and custom block parity,CE-NF1-L-H,CE-NF1-H04,planning/glasshelix-execution-foundation-v1/proposed-todos/ce-nf1-h05.md
CE-NF1-H06,task,Qualify deterministic assembly and nonfinite behavior,CE-NF1-L-H,CE-NF1-H05,planning/glasshelix-execution-foundation-v1/proposed-todos/ce-nf1-h06.md
CE-NF1-H07,task,Publish n-ary execution receipt,CE-NF1-L-H,CE-NF1-H06,planning/glasshelix-execution-foundation-v1/proposed-todos/ce-nf1-h07.md
CE-NF1-S01,task,Integrate existing mask and indexed gate kernels,CE-NF1-L-S,CE-NF1-M10,planning/glasshelix-execution-foundation-v1/proposed-todos/ce-nf1-s01.md
CE-NF1-S02,task,Distinguish shared and per-instance activity,CE-NF1-L-S,CE-NF1-S01;CE-NF1-N06,planning/glasshelix-execution-foundation-v1/proposed-todos/ce-nf1-s02.md
CE-NF1-S03,task,Build a compact active-projection alternative,CE-NF1-L-S,CE-NF1-S02,planning/glasshelix-execution-foundation-v1/proposed-todos/ce-nf1-s03.md
CE-NF1-S04,task,Separate primal and differential support,CE-NF1-L-S,CE-NF1-S03;CE-NF1-C03,planning/glasshelix-execution-foundation-v1/proposed-todos/ce-nf1-s04.md
CE-NF1-S05,task,Implement safe topology replacement at boundaries,CE-NF1-L-S,CE-NF1-S04,planning/glasshelix-execution-foundation-v1/proposed-todos/ce-nf1-s05.md
CE-NF1-S06,task,Add approximate dropping with accuracy provenance,CE-NF1-L-S,CE-NF1-S05,planning/glasshelix-execution-foundation-v1/proposed-todos/ce-nf1-s06.md
CE-NF1-S07,task,Qualify churn and reuse regimes,CE-NF1-L-S,CE-NF1-S06,planning/glasshelix-execution-foundation-v1/proposed-todos/ce-nf1-s07.md
CE-NF1-D01,task,Provide local arithmetic JVP and VJP,CE-NF1-L-D,CE-NF1-M10,planning/glasshelix-execution-foundation-v1/proposed-todos/ce-nf1-d01.md
CE-NF1-D02,task,Extend relation response through shared topology,CE-NF1-L-D,CE-NF1-D01;CE-NF1-V07;CE-NF1-N06,planning/glasshelix-execution-foundation-v1/proposed-todos/ce-nf1-d02.md
CE-NF1-D03,task,Implement n-ary evaluator derivatives,CE-NF1-L-D,CE-NF1-D02;CE-NF1-H07,planning/glasshelix-execution-foundation-v1/proposed-todos/ce-nf1-d03.md
CE-NF1-D04,task,Compose forward directional programs,CE-NF1-L-D,CE-NF1-D03;CE-NF1-P07;CE-NF1-S07,planning/glasshelix-execution-foundation-v1/proposed-todos/ce-nf1-d04.md
CE-NF1-D05,task,Compose reverse actions with explicit primal lifetime,CE-NF1-L-D,CE-NF1-D04,planning/glasshelix-execution-foundation-v1/proposed-todos/ce-nf1-d05.md
CE-NF1-D06,task,Support selected second-direction actions,CE-NF1-L-D,CE-NF1-D05,planning/glasshelix-execution-foundation-v1/proposed-todos/ce-nf1-d06.md
CE-NF1-D07,task,Validate nonsmooth boundaries and invalidation,CE-NF1-L-D,CE-NF1-D06,planning/glasshelix-execution-foundation-v1/proposed-todos/ce-nf1-d07.md
CE-NF1-D08,task,Publish differential execution receipt,CE-NF1-L-D,CE-NF1-D07,planning/glasshelix-execution-foundation-v1/proposed-todos/ce-nf1-d08.md
CE-NF1-T01,task,Author independent formula and indexing referees,CE-NF1-L-T,CE-NF1-M00,planning/glasshelix-execution-foundation-v1/proposed-todos/ce-nf1-t01.md
CE-NF1-T02,task,"Author shape, numerical and nonfinite stress cases",CE-NF1-L-T,CE-NF1-T01,planning/glasshelix-execution-foundation-v1/proposed-todos/ce-nf1-t02.md
CE-NF1-T03,task,Author asynchronous lifetime and failure tests,CE-NF1-L-T,CE-NF1-T02,planning/glasshelix-execution-foundation-v1/proposed-todos/ce-nf1-t03.md
CE-NF1-T04,task,Qualify external custom operations and capability honesty,CE-NF1-L-T,CE-NF1-T03;CE-NF1-M30,planning/glasshelix-execution-foundation-v1/proposed-todos/ce-nf1-t04.md
CE-NF1-T05,task,Run retained and new integrated conformance,CE-NF1-L-T,CE-NF1-T04;CE-NF1-M40,planning/glasshelix-execution-foundation-v1/proposed-todos/ce-nf1-t05.md
CE-NF1-T06,task,Run sanitizer and resource qualification,CE-NF1-L-T,CE-NF1-T05,planning/glasshelix-execution-foundation-v1/proposed-todos/ce-nf1-t06.md
CE-NF1-O01,task,Establish composed baseline and complete cost records,CE-NF1-L-O,CE-NF1-M30,planning/glasshelix-execution-foundation-v1/proposed-todos/ce-nf1-o01.md
CE-NF1-O02,task,Hoist reuse and preserve prepared orders,CE-NF1-L-O,CE-NF1-O01;CE-NF1-M40,planning/glasshelix-execution-foundation-v1/proposed-todos/ce-nf1-o02.md
CE-NF1-O03,task,Fuse indexed nonlinear evaluation and assembly,CE-NF1-L-O,CE-NF1-O02,planning/glasshelix-execution-foundation-v1/proposed-todos/ce-nf1-o03.md
CE-NF1-O04,task,Specialize legal batch and relation routes,CE-NF1-L-O,CE-NF1-O03,planning/glasshelix-execution-foundation-v1/proposed-todos/ce-nf1-o04.md
CE-NF1-O05,task,Measure active support crossover and precision tradeoffs,CE-NF1-L-O,CE-NF1-O04,planning/glasshelix-execution-foundation-v1/proposed-todos/ce-nf1-o05.md
CE-NF1-O06,task,Qualify bounded read-only replay where supported,CE-NF1-L-O,CE-NF1-O05,planning/glasshelix-execution-foundation-v1/proposed-todos/ce-nf1-o06.md
CE-NF1-O07,task,Publish non-promotion or promotion decision,CE-NF1-L-O,CE-NF1-O06,planning/glasshelix-execution-foundation-v1/proposed-todos/ce-nf1-o07.md
CE-NF1-X01,task,Verify GlassHelix real-consumer receipt,CE-NF1-L-X,CE-NF1-M50,planning/glasshelix-execution-foundation-v1/proposed-todos/ce-nf1-x01.md
CE-NF1-M00,task,Baseline and ownership accepted,CE-NF1-L-M,CE-NF1-A04,planning/glasshelix-execution-foundation-v1/proposed-todos/ce-nf1-m00.md
CE-NF1-M10,task,Developmental contracts published,CE-NF1-L-M,CE-NF1-M00;CE-NF1-C06,planning/glasshelix-execution-foundation-v1/proposed-todos/ce-nf1-m10.md
CE-NF1-M20,task,Linked execution and numeric core published,CE-NF1-L-M,CE-NF1-M10;CE-NF1-B06;CE-NF1-P07;CE-NF1-V07;CE-NF1-N06,planning/glasshelix-execution-foundation-v1/proposed-todos/ce-nf1-m20.md
CE-NF1-M30,task,Combinatorial and support execution published,CE-NF1-L-M,CE-NF1-M20;CE-NF1-H07;CE-NF1-S07,planning/glasshelix-execution-foundation-v1/proposed-todos/ce-nf1-m30.md
CE-NF1-M40,task,Directional differential execution published,CE-NF1-L-M,CE-NF1-M30;CE-NF1-D08,planning/glasshelix-execution-foundation-v1/proposed-todos/ce-nf1-m40.md
CE-NF1-M50,task,Consumer-ready qualified capability bundle,CE-NF1-L-M,CE-NF1-M40;CE-NF1-T06;CE-NF1-O07,planning/glasshelix-execution-foundation-v1/proposed-todos/ce-nf1-m50.md
CE-NF1-M90,task,Cellerator foundation closed and integrated,CE-NF1-L-M,CE-NF1-M50;CE-NF1-X01,planning/glasshelix-execution-foundation-v1/proposed-todos/ce-nf1-m90.md
