task_id,lane_id,mode,path
CE-NF1-A01,CE-NF1-L-A,exclusive,docs/glasshelix_execution_foundation_v1/baseline
CE-NF1-A01,CE-NF1-L-A,exclusive,docs/glasshelix_execution_foundation_v1/ownership
CE-NF1-A01,CE-NF1-L-A,exclusive,docs/glasshelix_execution_foundation_v1/records/ce-nf1-a01.json
CE-NF1-A02,CE-NF1-L-A,exclusive,docs/glasshelix_execution_foundation_v1/baseline
CE-NF1-A02,CE-NF1-L-A,exclusive,docs/glasshelix_execution_foundation_v1/ownership
CE-NF1-A02,CE-NF1-L-A,exclusive,docs/glasshelix_execution_foundation_v1/records/ce-nf1-a02.json
CE-NF1-A03,CE-NF1-L-A,exclusive,docs/glasshelix_execution_foundation_v1/baseline
CE-NF1-A03,CE-NF1-L-A,exclusive,docs/glasshelix_execution_foundation_v1/ownership
CE-NF1-A03,CE-NF1-L-A,exclusive,docs/glasshelix_execution_foundation_v1/records/ce-nf1-a03.json
CE-NF1-A04,CE-NF1-L-A,exclusive,docs/glasshelix_execution_foundation_v1/baseline
CE-NF1-A04,CE-NF1-L-A,exclusive,docs/glasshelix_execution_foundation_v1/ownership
CE-NF1-A04,CE-NF1-L-A,exclusive,docs/glasshelix_execution_foundation_v1/records/ce-nf1-a04.json
CE-NF1-C01,CE-NF1-L-C,exclusive,include/Cellerator/compute/operation/operation_core_v2/schema.hh
CE-NF1-C01,CE-NF1-L-C,exclusive,include/Cellerator/compute/operation/native_foundation_contract.hh
CE-NF1-C01,CE-NF1-L-C,exclusive,docs/glasshelix_execution_foundation_v1/contracts
CE-NF1-C01,CE-NF1-L-C,exclusive,docs/glasshelix_execution_foundation_v1/records/ce-nf1-c01.json
CE-NF1-C02,CE-NF1-L-C,exclusive,include/Cellerator/compute/operation/operation_core_v2/schema.hh
CE-NF1-C02,CE-NF1-L-C,exclusive,include/Cellerator/compute/operation/native_foundation_contract.hh
CE-NF1-C02,CE-NF1-L-C,exclusive,docs/glasshelix_execution_foundation_v1/contracts
CE-NF1-C02,CE-NF1-L-C,exclusive,docs/glasshelix_execution_foundation_v1/records/ce-nf1-c02.json
CE-NF1-C03,CE-NF1-L-C,exclusive,include/Cellerator/compute/operation/operation_core_v2/schema.hh
CE-NF1-C03,CE-NF1-L-C,exclusive,include/Cellerator/compute/operation/native_foundation_contract.hh
CE-NF1-C03,CE-NF1-L-C,exclusive,docs/glasshelix_execution_foundation_v1/contracts
CE-NF1-C03,CE-NF1-L-C,exclusive,docs/glasshelix_execution_foundation_v1/records/ce-nf1-c03.json
CE-NF1-C04,CE-NF1-L-C,exclusive,include/Cellerator/compute/operation/operation_core_v2/schema.hh
CE-NF1-C04,CE-NF1-L-C,exclusive,include/Cellerator/compute/operation/native_foundation_contract.hh
CE-NF1-C04,CE-NF1-L-C,exclusive,docs/glasshelix_execution_foundation_v1/contracts
CE-NF1-C04,CE-NF1-L-C,exclusive,docs/glasshelix_execution_foundation_v1/records/ce-nf1-c04.json
CE-NF1-C05,CE-NF1-L-C,exclusive,include/Cellerator/compute/operation/operation_core_v2/schema.hh
CE-NF1-C05,CE-NF1-L-C,exclusive,include/Cellerator/compute/operation/native_foundation_contract.hh
CE-NF1-C05,CE-NF1-L-C,exclusive,docs/glasshelix_execution_foundation_v1/contracts
CE-NF1-C05,CE-NF1-L-C,exclusive,docs/glasshelix_execution_foundation_v1/records/ce-nf1-c05.json
CE-NF1-C06,CE-NF1-L-C,exclusive,include/Cellerator/compute/operation/operation_core_v2/schema.hh
CE-NF1-C06,CE-NF1-L-C,exclusive,include/Cellerator/compute/operation/native_foundation_contract.hh
CE-NF1-C06,CE-NF1-L-C,exclusive,docs/glasshelix_execution_foundation_v1/contracts
CE-NF1-C06,CE-NF1-L-C,exclusive,docs/glasshelix_execution_foundation_v1/records/ce-nf1-c06.json
CE-NF1-B01,CE-NF1-L-B,exclusive,cmake/NativeFoundation.cmake
CE-NF1-B01,CE-NF1-L-B,exclusive,cmake/SemanticSpineV1.cmake
CE-NF1-B01,CE-NF1-L-B,exclusive,src/compute/CMakeLists.txt
CE-NF1-B01,CE-NF1-L-B,exclusive,src/execution/CMakeLists.txt
CE-NF1-B01,CE-NF1-L-B,exclusive,src/runtime/CMakeLists.txt
CE-NF1-B01,CE-NF1-L-B,exclusive,tests/native_foundation/build
CE-NF1-B02,CE-NF1-L-B,exclusive,cmake/NativeFoundation.cmake
CE-NF1-B02,CE-NF1-L-B,exclusive,cmake/SemanticSpineV1.cmake
CE-NF1-B02,CE-NF1-L-B,exclusive,src/compute/CMakeLists.txt
CE-NF1-B02,CE-NF1-L-B,exclusive,src/execution/CMakeLists.txt
CE-NF1-B02,CE-NF1-L-B,exclusive,src/runtime/CMakeLists.txt
CE-NF1-B02,CE-NF1-L-B,exclusive,tests/native_foundation/build
CE-NF1-B03,CE-NF1-L-B,exclusive,cmake/NativeFoundation.cmake
CE-NF1-B03,CE-NF1-L-B,exclusive,cmake/SemanticSpineV1.cmake
CE-NF1-B03,CE-NF1-L-B,exclusive,src/compute/CMakeLists.txt
CE-NF1-B03,CE-NF1-L-B,exclusive,src/execution/CMakeLists.txt
CE-NF1-B03,CE-NF1-L-B,exclusive,src/runtime/CMakeLists.txt
CE-NF1-B03,CE-NF1-L-B,exclusive,tests/native_foundation/build
CE-NF1-B04,CE-NF1-L-B,exclusive,cmake/NativeFoundation.cmake
CE-NF1-B04,CE-NF1-L-B,exclusive,cmake/SemanticSpineV1.cmake
CE-NF1-B04,CE-NF1-L-B,exclusive,src/compute/CMakeLists.txt
CE-NF1-B04,CE-NF1-L-B,exclusive,src/execution/CMakeLists.txt
CE-NF1-B04,CE-NF1-L-B,exclusive,src/runtime/CMakeLists.txt
CE-NF1-B04,CE-NF1-L-B,exclusive,tests/native_foundation/build
CE-NF1-B05,CE-NF1-L-B,exclusive,cmake/NativeFoundation.cmake
CE-NF1-B05,CE-NF1-L-B,exclusive,cmake/SemanticSpineV1.cmake
CE-NF1-B05,CE-NF1-L-B,exclusive,src/compute/CMakeLists.txt
CE-NF1-B05,CE-NF1-L-B,exclusive,src/execution/CMakeLists.txt
CE-NF1-B05,CE-NF1-L-B,exclusive,src/runtime/CMakeLists.txt
CE-NF1-B05,CE-NF1-L-B,exclusive,tests/native_foundation/build
CE-NF1-B06,CE-NF1-L-B,exclusive,cmake/NativeFoundation.cmake
CE-NF1-B06,CE-NF1-L-B,exclusive,cmake/SemanticSpineV1.cmake
CE-NF1-B06,CE-NF1-L-B,exclusive,src/compute/CMakeLists.txt
CE-NF1-B06,CE-NF1-L-B,exclusive,src/execution/CMakeLists.txt
CE-NF1-B06,CE-NF1-L-B,exclusive,src/runtime/CMakeLists.txt
CE-NF1-B06,CE-NF1-L-B,exclusive,tests/native_foundation/build
CE-NF1-P01,CE-NF1-L-P,exclusive,include/Cellerator/execution/program
CE-NF1-P01,CE-NF1-L-P,exclusive,src/execution/program
CE-NF1-P01,CE-NF1-L-P,exclusive,tests/native_foundation/program
CE-NF1-P02,CE-NF1-L-P,exclusive,include/Cellerator/execution/program
CE-NF1-P02,CE-NF1-L-P,exclusive,src/execution/program
CE-NF1-P02,CE-NF1-L-P,exclusive,tests/native_foundation/program
CE-NF1-P03,CE-NF1-L-P,exclusive,include/Cellerator/execution/program
CE-NF1-P03,CE-NF1-L-P,exclusive,src/execution/program
CE-NF1-P03,CE-NF1-L-P,exclusive,tests/native_foundation/program
CE-NF1-P04,CE-NF1-L-P,exclusive,include/Cellerator/execution/program
CE-NF1-P04,CE-NF1-L-P,exclusive,src/execution/program
CE-NF1-P04,CE-NF1-L-P,exclusive,tests/native_foundation/program
CE-NF1-P05,CE-NF1-L-P,exclusive,include/Cellerator/execution/program
CE-NF1-P05,CE-NF1-L-P,exclusive,src/execution/program
CE-NF1-P05,CE-NF1-L-P,exclusive,tests/native_foundation/program
CE-NF1-P06,CE-NF1-L-P,exclusive,include/Cellerator/execution/program
CE-NF1-P06,CE-NF1-L-P,exclusive,src/execution/program
CE-NF1-P06,CE-NF1-L-P,exclusive,tests/native_foundation/program
CE-NF1-P07,CE-NF1-L-P,exclusive,include/Cellerator/execution/program
CE-NF1-P07,CE-NF1-L-P,exclusive,src/execution/program
CE-NF1-P07,CE-NF1-L-P,exclusive,tests/native_foundation/program
CE-NF1-V01,CE-NF1-L-V,exclusive,include/Cellerator/compute/operation/prepared_relation.hh
CE-NF1-V01,CE-NF1-L-V,exclusive,src/compute/operation/prepared_relation.cu
CE-NF1-V01,CE-NF1-L-V,exclusive,include/Cellerator/execution/native_value_instance
CE-NF1-V01,CE-NF1-L-V,exclusive,src/execution/native_value_instance
CE-NF1-V01,CE-NF1-L-V,exclusive,tests/native_foundation/values
CE-NF1-V02,CE-NF1-L-V,exclusive,include/Cellerator/compute/operation/prepared_relation.hh
CE-NF1-V02,CE-NF1-L-V,exclusive,src/compute/operation/prepared_relation.cu
CE-NF1-V02,CE-NF1-L-V,exclusive,include/Cellerator/execution/native_value_instance
CE-NF1-V02,CE-NF1-L-V,exclusive,src/execution/native_value_instance
CE-NF1-V02,CE-NF1-L-V,exclusive,tests/native_foundation/values
CE-NF1-V03,CE-NF1-L-V,exclusive,include/Cellerator/compute/operation/prepared_relation.hh
CE-NF1-V03,CE-NF1-L-V,exclusive,src/compute/operation/prepared_relation.cu
CE-NF1-V03,CE-NF1-L-V,exclusive,include/Cellerator/execution/native_value_instance
CE-NF1-V03,CE-NF1-L-V,exclusive,src/execution/native_value_instance
CE-NF1-V03,CE-NF1-L-V,exclusive,tests/native_foundation/values
CE-NF1-V04,CE-NF1-L-V,exclusive,include/Cellerator/compute/operation/prepared_relation.hh
CE-NF1-V04,CE-NF1-L-V,exclusive,src/compute/operation/prepared_relation.cu
CE-NF1-V04,CE-NF1-L-V,exclusive,include/Cellerator/execution/native_value_instance
CE-NF1-V04,CE-NF1-L-V,exclusive,src/execution/native_value_instance
CE-NF1-V04,CE-NF1-L-V,exclusive,tests/native_foundation/values
CE-NF1-V05,CE-NF1-L-V,exclusive,include/Cellerator/compute/operation/prepared_relation.hh
CE-NF1-V05,CE-NF1-L-V,exclusive,src/compute/operation/prepared_relation.cu
CE-NF1-V05,CE-NF1-L-V,exclusive,include/Cellerator/execution/native_value_instance
CE-NF1-V05,CE-NF1-L-V,exclusive,src/execution/native_value_instance
CE-NF1-V05,CE-NF1-L-V,exclusive,tests/native_foundation/values
CE-NF1-V06,CE-NF1-L-V,exclusive,include/Cellerator/compute/operation/prepared_relation.hh
CE-NF1-V06,CE-NF1-L-V,exclusive,src/compute/operation/prepared_relation.cu
CE-NF1-V06,CE-NF1-L-V,exclusive,include/Cellerator/execution/native_value_instance
CE-NF1-V06,CE-NF1-L-V,exclusive,src/execution/native_value_instance
CE-NF1-V06,CE-NF1-L-V,exclusive,tests/native_foundation/values
CE-NF1-V07,CE-NF1-L-V,exclusive,include/Cellerator/compute/operation/prepared_relation.hh
CE-NF1-V07,CE-NF1-L-V,exclusive,src/compute/operation/prepared_relation.cu
CE-NF1-V07,CE-NF1-L-V,exclusive,include/Cellerator/execution/native_value_instance
CE-NF1-V07,CE-NF1-L-V,exclusive,src/execution/native_value_instance
CE-NF1-V07,CE-NF1-L-V,exclusive,tests/native_foundation/values
CE-NF1-N01,CE-NF1-L-N,exclusive,include/Cellerator/compute/operation/native_numeric
CE-NF1-N01,CE-NF1-L-N,exclusive,src/compute/operation/native_numeric
CE-NF1-N01,CE-NF1-L-N,exclusive,tests/native_foundation/numeric
CE-NF1-N02,CE-NF1-L-N,exclusive,include/Cellerator/compute/operation/native_numeric
CE-NF1-N02,CE-NF1-L-N,exclusive,src/compute/operation/native_numeric
CE-NF1-N02,CE-NF1-L-N,exclusive,tests/native_foundation/numeric
CE-NF1-N03,CE-NF1-L-N,exclusive,include/Cellerator/compute/operation/native_numeric
CE-NF1-N03,CE-NF1-L-N,exclusive,src/compute/operation/native_numeric
CE-NF1-N03,CE-NF1-L-N,exclusive,tests/native_foundation/numeric
CE-NF1-N04,CE-NF1-L-N,exclusive,include/Cellerator/compute/operation/native_numeric
CE-NF1-N04,CE-NF1-L-N,exclusive,src/compute/operation/native_numeric
CE-NF1-N04,CE-NF1-L-N,exclusive,tests/native_foundation/numeric
CE-NF1-N05,CE-NF1-L-N,exclusive,include/Cellerator/compute/operation/native_numeric
CE-NF1-N05,CE-NF1-L-N,exclusive,src/compute/operation/native_numeric
CE-NF1-N05,CE-NF1-L-N,exclusive,tests/native_foundation/numeric
CE-NF1-N06,CE-NF1-L-N,exclusive,include/Cellerator/compute/operation/native_numeric
CE-NF1-N06,CE-NF1-L-N,exclusive,src/compute/operation/native_numeric
CE-NF1-N06,CE-NF1-L-N,exclusive,tests/native_foundation/numeric
CE-NF1-H01,CE-NF1-L-H,exclusive,include/Cellerator/compute/operation/indexed_mechanism
CE-NF1-H01,CE-NF1-L-H,exclusive,src/compute/operation/indexed_mechanism
CE-NF1-H01,CE-NF1-L-H,exclusive,tests/native_foundation/nary
CE-NF1-H02,CE-NF1-L-H,exclusive,include/Cellerator/compute/operation/indexed_mechanism
CE-NF1-H02,CE-NF1-L-H,exclusive,src/compute/operation/indexed_mechanism
CE-NF1-H02,CE-NF1-L-H,exclusive,tests/native_foundation/nary
CE-NF1-H03,CE-NF1-L-H,exclusive,include/Cellerator/compute/operation/indexed_mechanism
CE-NF1-H03,CE-NF1-L-H,exclusive,src/compute/operation/indexed_mechanism
CE-NF1-H03,CE-NF1-L-H,exclusive,tests/native_foundation/nary
CE-NF1-H04,CE-NF1-L-H,exclusive,include/Cellerator/compute/operation/indexed_mechanism
CE-NF1-H04,CE-NF1-L-H,exclusive,src/compute/operation/indexed_mechanism
CE-NF1-H04,CE-NF1-L-H,exclusive,tests/native_foundation/nary
CE-NF1-H05,CE-NF1-L-H,exclusive,include/Cellerator/compute/operation/indexed_mechanism
CE-NF1-H05,CE-NF1-L-H,exclusive,src/compute/operation/indexed_mechanism
CE-NF1-H05,CE-NF1-L-H,exclusive,tests/native_foundation/nary
CE-NF1-H06,CE-NF1-L-H,exclusive,include/Cellerator/compute/operation/indexed_mechanism
CE-NF1-H06,CE-NF1-L-H,exclusive,src/compute/operation/indexed_mechanism
CE-NF1-H06,CE-NF1-L-H,exclusive,tests/native_foundation/nary
CE-NF1-H07,CE-NF1-L-H,exclusive,include/Cellerator/compute/operation/indexed_mechanism
CE-NF1-H07,CE-NF1-L-H,exclusive,src/compute/operation/indexed_mechanism
CE-NF1-H07,CE-NF1-L-H,exclusive,tests/native_foundation/nary
CE-NF1-S01,CE-NF1-L-S,exclusive,include/Cellerator/compute/operation/active_projection
CE-NF1-S01,CE-NF1-L-S,exclusive,src/compute/operation/active_projection
CE-NF1-S01,CE-NF1-L-S,exclusive,tests/native_foundation/support
CE-NF1-S02,CE-NF1-L-S,exclusive,include/Cellerator/compute/operation/active_projection
CE-NF1-S02,CE-NF1-L-S,exclusive,src/compute/operation/active_projection
CE-NF1-S02,CE-NF1-L-S,exclusive,tests/native_foundation/support
CE-NF1-S03,CE-NF1-L-S,exclusive,include/Cellerator/compute/operation/active_projection
CE-NF1-S03,CE-NF1-L-S,exclusive,src/compute/operation/active_projection
CE-NF1-S03,CE-NF1-L-S,exclusive,tests/native_foundation/support
CE-NF1-S04,CE-NF1-L-S,exclusive,include/Cellerator/compute/operation/active_projection
CE-NF1-S04,CE-NF1-L-S,exclusive,src/compute/operation/active_projection
CE-NF1-S04,CE-NF1-L-S,exclusive,tests/native_foundation/support
CE-NF1-S05,CE-NF1-L-S,exclusive,include/Cellerator/compute/operation/active_projection
CE-NF1-S05,CE-NF1-L-S,exclusive,src/compute/operation/active_projection
CE-NF1-S05,CE-NF1-L-S,exclusive,tests/native_foundation/support
CE-NF1-S06,CE-NF1-L-S,exclusive,include/Cellerator/compute/operation/active_projection
CE-NF1-S06,CE-NF1-L-S,exclusive,src/compute/operation/active_projection
CE-NF1-S06,CE-NF1-L-S,exclusive,tests/native_foundation/support
CE-NF1-S07,CE-NF1-L-S,exclusive,include/Cellerator/compute/operation/active_projection
CE-NF1-S07,CE-NF1-L-S,exclusive,src/compute/operation/active_projection
CE-NF1-S07,CE-NF1-L-S,exclusive,tests/native_foundation/support
CE-NF1-D01,CE-NF1-L-D,exclusive,include/Cellerator/compute/operation/differential
CE-NF1-D01,CE-NF1-L-D,exclusive,src/compute/operation/differential
CE-NF1-D01,CE-NF1-L-D,exclusive,tests/native_foundation/differential
CE-NF1-D02,CE-NF1-L-D,exclusive,include/Cellerator/compute/operation/differential
CE-NF1-D02,CE-NF1-L-D,exclusive,src/compute/operation/differential
CE-NF1-D02,CE-NF1-L-D,exclusive,tests/native_foundation/differential
CE-NF1-D03,CE-NF1-L-D,exclusive,include/Cellerator/compute/operation/differential
CE-NF1-D03,CE-NF1-L-D,exclusive,src/compute/operation/differential
CE-NF1-D03,CE-NF1-L-D,exclusive,tests/native_foundation/differential
CE-NF1-D04,CE-NF1-L-D,exclusive,include/Cellerator/compute/operation/differential
CE-NF1-D04,CE-NF1-L-D,exclusive,src/compute/operation/differential
CE-NF1-D04,CE-NF1-L-D,exclusive,tests/native_foundation/differential
CE-NF1-D05,CE-NF1-L-D,exclusive,include/Cellerator/compute/operation/differential
CE-NF1-D05,CE-NF1-L-D,exclusive,src/compute/operation/differential
CE-NF1-D05,CE-NF1-L-D,exclusive,tests/native_foundation/differential
CE-NF1-D06,CE-NF1-L-D,exclusive,include/Cellerator/compute/operation/differential
CE-NF1-D06,CE-NF1-L-D,exclusive,src/compute/operation/differential
CE-NF1-D06,CE-NF1-L-D,exclusive,tests/native_foundation/differential
CE-NF1-D07,CE-NF1-L-D,exclusive,include/Cellerator/compute/operation/differential
CE-NF1-D07,CE-NF1-L-D,exclusive,src/compute/operation/differential
CE-NF1-D07,CE-NF1-L-D,exclusive,tests/native_foundation/differential
CE-NF1-D08,CE-NF1-L-D,exclusive,include/Cellerator/compute/operation/differential
CE-NF1-D08,CE-NF1-L-D,exclusive,src/compute/operation/differential
CE-NF1-D08,CE-NF1-L-D,exclusive,tests/native_foundation/differential
CE-NF1-T01,CE-NF1-L-T,exclusive,tests/native_foundation/reference
CE-NF1-T01,CE-NF1-L-T,exclusive,tests/native_foundation/conformance
CE-NF1-T01,CE-NF1-L-T,exclusive,docs/glasshelix_execution_foundation_v1/validation
CE-NF1-T02,CE-NF1-L-T,exclusive,tests/native_foundation/reference
CE-NF1-T02,CE-NF1-L-T,exclusive,tests/native_foundation/conformance
CE-NF1-T02,CE-NF1-L-T,exclusive,docs/glasshelix_execution_foundation_v1/validation
CE-NF1-T03,CE-NF1-L-T,exclusive,tests/native_foundation/reference
CE-NF1-T03,CE-NF1-L-T,exclusive,tests/native_foundation/conformance
CE-NF1-T03,CE-NF1-L-T,exclusive,docs/glasshelix_execution_foundation_v1/validation
CE-NF1-T04,CE-NF1-L-T,exclusive,tests/native_foundation/reference
CE-NF1-T04,CE-NF1-L-T,exclusive,tests/native_foundation/conformance
CE-NF1-T04,CE-NF1-L-T,exclusive,docs/glasshelix_execution_foundation_v1/validation
CE-NF1-T05,CE-NF1-L-T,exclusive,tests/native_foundation/reference
CE-NF1-T05,CE-NF1-L-T,exclusive,tests/native_foundation/conformance
CE-NF1-T05,CE-NF1-L-T,exclusive,docs/glasshelix_execution_foundation_v1/validation
CE-NF1-T06,CE-NF1-L-T,exclusive,tests/native_foundation/reference
CE-NF1-T06,CE-NF1-L-T,exclusive,tests/native_foundation/conformance
CE-NF1-T06,CE-NF1-L-T,exclusive,docs/glasshelix_execution_foundation_v1/validation
CE-NF1-O01,CE-NF1-L-O,exclusive,include/Cellerator/compute/operation/native_foundation_optimization
CE-NF1-O01,CE-NF1-L-O,exclusive,src/compute/operation/native_foundation_optimization
CE-NF1-O01,CE-NF1-L-O,exclusive,bench/native_foundation
CE-NF1-O01,CE-NF1-L-O,exclusive,docs/glasshelix_execution_foundation_v1/performance
CE-NF1-O02,CE-NF1-L-O,exclusive,include/Cellerator/compute/operation/native_foundation_optimization
CE-NF1-O02,CE-NF1-L-O,exclusive,src/compute/operation/native_foundation_optimization
CE-NF1-O02,CE-NF1-L-O,exclusive,bench/native_foundation
CE-NF1-O02,CE-NF1-L-O,exclusive,docs/glasshelix_execution_foundation_v1/performance
CE-NF1-O03,CE-NF1-L-O,exclusive,include/Cellerator/compute/operation/native_foundation_optimization
CE-NF1-O03,CE-NF1-L-O,exclusive,src/compute/operation/native_foundation_optimization
CE-NF1-O03,CE-NF1-L-O,exclusive,bench/native_foundation
CE-NF1-O03,CE-NF1-L-O,exclusive,docs/glasshelix_execution_foundation_v1/performance
CE-NF1-O04,CE-NF1-L-O,exclusive,include/Cellerator/compute/operation/native_foundation_optimization
CE-NF1-O04,CE-NF1-L-O,exclusive,src/compute/operation/native_foundation_optimization
CE-NF1-O04,CE-NF1-L-O,exclusive,bench/native_foundation
CE-NF1-O04,CE-NF1-L-O,exclusive,docs/glasshelix_execution_foundation_v1/performance
CE-NF1-O05,CE-NF1-L-O,exclusive,include/Cellerator/compute/operation/native_foundation_optimization
CE-NF1-O05,CE-NF1-L-O,exclusive,src/compute/operation/native_foundation_optimization
CE-NF1-O05,CE-NF1-L-O,exclusive,bench/native_foundation
CE-NF1-O05,CE-NF1-L-O,exclusive,docs/glasshelix_execution_foundation_v1/performance
CE-NF1-O06,CE-NF1-L-O,exclusive,include/Cellerator/compute/operation/native_foundation_optimization
CE-NF1-O06,CE-NF1-L-O,exclusive,src/compute/operation/native_foundation_optimization
CE-NF1-O06,CE-NF1-L-O,exclusive,bench/native_foundation
CE-NF1-O06,CE-NF1-L-O,exclusive,docs/glasshelix_execution_foundation_v1/performance
CE-NF1-O07,CE-NF1-L-O,exclusive,include/Cellerator/compute/operation/native_foundation_optimization
CE-NF1-O07,CE-NF1-L-O,exclusive,src/compute/operation/native_foundation_optimization
CE-NF1-O07,CE-NF1-L-O,exclusive,bench/native_foundation
CE-NF1-O07,CE-NF1-L-O,exclusive,docs/glasshelix_execution_foundation_v1/performance
CE-NF1-X01,CE-NF1-L-X,exclusive,docs/glasshelix_execution_foundation_v1/imports
CE-NF1-M00,CE-NF1-L-M,exclusive,CMakeLists.txt
CE-NF1-M00,CE-NF1-L-M,exclusive,docs/glasshelix_execution_foundation_v1/integration
CE-NF1-M00,CE-NF1-L-M,exclusive,docs/glasshelix_execution_foundation_v1/records/ce-nf1-m00.json
CE-NF1-M10,CE-NF1-L-M,exclusive,CMakeLists.txt
CE-NF1-M10,CE-NF1-L-M,exclusive,docs/glasshelix_execution_foundation_v1/integration
CE-NF1-M10,CE-NF1-L-M,exclusive,docs/glasshelix_execution_foundation_v1/records/ce-nf1-m10.json
CE-NF1-M20,CE-NF1-L-M,exclusive,CMakeLists.txt
CE-NF1-M20,CE-NF1-L-M,exclusive,docs/glasshelix_execution_foundation_v1/integration
CE-NF1-M30,CE-NF1-L-M,exclusive,CMakeLists.txt
CE-NF1-M30,CE-NF1-L-M,exclusive,docs/glasshelix_execution_foundation_v1/integration
CE-NF1-M40,CE-NF1-L-M,exclusive,CMakeLists.txt
CE-NF1-M40,CE-NF1-L-M,exclusive,docs/glasshelix_execution_foundation_v1/integration
CE-NF1-M50,CE-NF1-L-M,exclusive,CMakeLists.txt
CE-NF1-M50,CE-NF1-L-M,exclusive,docs/glasshelix_execution_foundation_v1/integration
CE-NF1-M90,CE-NF1-L-M,exclusive,CMakeLists.txt
CE-NF1-M90,CE-NF1-L-M,exclusive,docs/glasshelix_execution_foundation_v1/integration
