candidate_id	receipt_kind	query_performed	compile_arch	registers_per_thread	static_shared_bytes	max_threads_per_block	observed_device	observed_toolchain
sm70_contract_scalar	synthetic_build_contract	false	sm_70	not_observed	not_observed	not_observed	none	none
sm70_contract_warp	synthetic_build_contract	false	sm_70	not_observed	not_observed	not_observed	none	none
sm70_relation_hybrid_n64	synthetic_build_contract	false	sm_70	not_observed	not_observed	not_observed	none	none
sm70_relation_panel_gt64	synthetic_build_contract	false	sm_70	not_observed	not_observed	not_observed	none	none
sm70_relation_pure_sparse	synthetic_build_contract	false	sm_70	not_observed	not_observed	not_observed	none	none
sm70_relation_wmma_16x16x16	synthetic_build_contract	false	sm_70	not_observed	not_observed	not_observed	none	none
sm70_segment_cta	synthetic_build_contract	false	sm_70	not_observed	not_observed	not_observed	none	none
sm70_segment_warp	synthetic_build_contract	false	sm_70	not_observed	not_observed	not_observed	none	none
sm70_softmax_segment	synthetic_build_contract	false	sm_70	not_observed	not_observed	not_observed	none	none
