old_id,observed_status,disposition,successor_targets,reason,cellerator_research_amendment
BITOP-00,blocked,replace_execution_root,BP-MOON-000,"Preserve historical epic; broaden the scheduled effort through reviewed supersession, not by reopening the old queue.",
STACK-BITOP-01,done,preserve_completed,BP-MOON-010,Repository and source reconciliation remains evidence.,
STACK-BITOP-02,done,preserve_completed,BP-MOON-010,Local representation decisions remain the baseline; update experimental policy without erasing the ADR.,
BP-BITOP-03,done,preserve_completed,BP-MOON-010,Preserve exact scan baseline and its original measurement scope.,
STACK-BITOP-04,done,preserve_completed,BP-MOON-010,Preserve reached baseline/architecture checkpoint.,
BP-BITOP-10,done,preserve_completed,BP-MOON-010,"Retain validity, coordinates, owned anchors and halo semantics.",
BP-BITOP-11,done,preserve_completed,BP-MOON-010,Retain motif/strand/invalid/palindrome semantics.,
BP-BITOP-12,done,preserve_completed,BP-MOON-010,Retain event and output accounting contracts.,
BP-BITOP-13,done,preserve_completed,BP-MOON-010,Retain bounded v1 predicate verifier/preparation contract; do not force all experiments into it.,
BP-BITOP-20,blocked,supersede_and_integrate,BP-MOON-010;BP-MOON-020;Q01,Implement only scalar semantics needed by active experiments now; full generic oracle remains later qualification.,
BP-BITOP-21,blocked,supersede_and_integrate,BP-MOON-010;BP-MOON-090;Q01,Reuse prepared-program metadata and make small specialized preparation paths; defer universal backend planning.,
BP-BITOP-22,blocked,supersede_and_integrate,BP-MOON-020;Q01,Bring mask grammar/halo essentials into real experiments without making the whole grammar a prerequisite.,
BP-BITOP-23,blocked,supersede_and_integrate,BP-MOON-010;BP-MOON-060;Q01,Retain exact counters and one clear emit route; full stable/unordered reference fan-in later.,
BP-BITOP-24,blocked,supersede_and_integrate,Q01,Replace exhaustive CPU fan-in gate with tiny per-mechanism probes during invention.,
BP-BITOP-25,blocked,supersede_and_integrate,BP-MOON-010;BP-MOON-050;BP-MOON-060,Use only segment operations demanded by a real composition; no generic segment platform first.,
BP-BITOP-30,blocked,supersede_and_integrate,BP-MOON-020;BP-MOON-130,Preserve M=1 exact scan and explore useful motif/layout mappings; remove crossover evidence as a precondition.,
BP-BITOP-31,blocked,supersede_and_integrate,BP-MOON-020;BP-MOON-130,Keep fused/resident/allowed-family alternatives alive and move benchmarking to Q02.,
BP-BITOP-32,blocked,supersede_and_integrate,BP-MOON-020;BP-MOON-050,Integrate CUDA grammar and halo semantics where actual experiments need them.,
BP-BITOP-33,blocked,supersede_and_integrate,BP-MOON-060;BP-MOON-080;Q01,Preserve capacity correctness; develop compact routing paths without claiming production output completeness.,
BP-BITOP-34,blocked,supersede_and_integrate,BP-MOON-050;BP-MOON-060;Q03,Small local segment mechanics now; shared Cellerator numerical integration stays external.,
BP-BITOP-35,blocked,supersede_and_integrate,BP-MOON-010;BP-MOON-140;BP-MOON-150;Q03,Replace production-v1 fan-in with a navigable experimental library. Full public prepare/query/bind/run qualification remains later.,
BP-BITOP-36,blocked,supersede_and_integrate,BP-MOON-030;BP-MOON-040,Explicitly activate diverse transition-composition experiments; no evidence-first gate.,
BP-BITOP-50,blocked,supersede_and_integrate,Q02,Defer crossover matrix and tuned policy selection; do not erase the obligation.,
CE-BITOP-41,blocked,supersede_and_integrate,BP-MOON-070;BP-MOON-090;Q03,Local floating/learned probes authorized now; production weighting and shared numerical ABI remain Cellerator-owned.,Research-stage numerical work is within Cellerator now. Use CE-MOON providers for relevant experiments; production adapters and release qualifications remain separate. This Baseplane record is not Cellerator task authority.
CE-BITOP-42,blocked,supersede_and_integrate,BP-MOON-050;BP-MOON-110;Q03,Explore learned hierarchy locally without a precomputed partition oracle; shared runtime partition contract is external.,Research-stage numerical work is within Cellerator now. Use CE-MOON providers for relevant experiments; production adapters and release qualifications remain separate. This Baseplane record is not Cellerator task authority.
CE-BITOP-43,blocked,supersede_and_integrate,BP-MOON-090;Q04,Prototype learning-to-discrete mechanisms on small fixtures; trained biological evaluation is deferred.,Research-stage numerical work is within Cellerator now. Use CE-MOON providers for relevant experiments; production adapters and release qualifications remain separate. This Baseplane record is not Cellerator task authority.
CE-BITOP-44,blocked,supersede_and_integrate,Q03,"Do not carry forward the CE-BITOP-40 dependency. Torch integration follows an inspected current Cellerator seam, not a superseded adapter.",Research-stage numerical work is within Cellerator now. Use CE-MOON providers for relevant experiments; production adapters and release qualifications remain separate. This Baseplane record is not Cellerator task authority.
CE-BITOP-45,blocked,supersede_and_integrate,BP-MOON-060;BP-MOON-120;Q03,Prototype actual candidate construction and factors; Cellerator still owns general numerical message passing.,Research-stage numerical work is within Cellerator now. Use CE-MOON providers for relevant experiments; production adapters and release qualifications remain separate. This Baseplane record is not Cellerator task authority.
CS-BITOP-60,blocked,supersede_and_integrate,Q05,No persistence dependency now. CellShard work requires a separately accepted external handoff and concrete reuse need.,
STACK-BITOP-51,blocked,supersede_and_integrate,Q05,No multi-GPU benchmark or distributed representation authority in this campaign.,
STACK-BITOP-52,blocked,supersede_and_integrate,BP-MOON-150;Q03,Experimental packaging now; public cross-library contract freeze later.,
STACK-BITOP-53,blocked,supersede_and_integrate,BP-MOON-150;Q01;Q02;Q03,"Candid inventory now; production sanitizers, tuned performance and ABI audit remain later.",
CE-BITOP-40,superseded,preserve_superseded,Q03,Do not resurrect DeviceMathContext. Inspect Cellerator-owned CE-ARCH-40 and current ABI rather than declaring an old checkpoint reached.,
