id,owner_task_id,title
CE-SS1-CP-BASELINE,CE-SS1-I01,Pre-implementation baseline and protected input recorded
CE-SS1-CP-CORE-ARTIFACT,CE-SS1-C04,Core contract artifact validated locally
CE-SS1-CP-FOUNDATION,CE-SS1-I02,Foundation integrated at a recorded source revision
CE-SS1-CP-NATIVE,CE-SS1-N06,NATIVE lane artifact and evidence ready
CE-SS1-CP-FRONTEND,CE-SS1-F04,FRONTEND lane artifact and evidence ready
CE-SS1-CP-ALGEBRA,CE-SS1-A04,ALGEBRA lane artifact and evidence ready
CE-SS1-CP-VERIFY,CE-SS1-V04,VERIFY lane artifact and evidence ready
CE-SS1-CP-INTEGRATED,CE-SS1-I04,All four artifacts integrated with real targets
CE-SS1-CP-COMPLETE,CE-SS1-I07,Bounded semantic and accelerator acceptance complete
